id,Tg,FFV,Tc,Density,Rg
1109053969,119.05303,0.3692317,0.25613257,1.1163166,22.972095
1422188626,145.62582,0.37620085,0.28265792,1.0835325,23.353077
2032016830,102.63063,0.34938407,0.23893313,1.1246852,20.716555
