id,Tg,FFV,Tc,Density,Rg
1109053969,126.865074,0.3769249,0.21759582,1.1031154,25.12076
1422188626,179.80399,0.37987638,0.2648834,1.0523348,22.986599
2032016830,113.15128,0.35182494,0.2359118,1.078122,20.407946
