id,Tg,FFV,Tc,Density,Rg
1109053969,126.865074,0.37692493,0.2175958,1.1031156,25.120764
1422188626,179.80399,0.37987638,0.26488346,1.0523349,22.9866
2032016830,113.15127,0.35182494,0.23591183,1.0781219,20.407946
